ID,Name,DateOfBirth,Address,Department
HUS2020_285,Jonie Jewel,5/1/1980,62597 Old Shore Drive,MOBILE
ABC_1009,Shamus Rate,18/1/1980,6 East Place,MOBILE
VN2020_234,Cleopatra McKeon,23/1/1980,1355 Vidon Junction,MOBILE
ABC_1961,Waneta Stoves,2/2/1980,738 Dawn Center,MOBILE
ABC2020_336,Tulley Eard,4/2/1980,77255 Corben Pass,MOBILE
ABC_1176,Egan Crux,8/2/1980,0011 Kinsman Park,MOBILE
ABC_1585,Harman Cave,14/2/1980,218 Lotheville Lane,MOBILE
ABC_455,Rodi Jays,4/3/1980,7680 2nd Drive,MOBILE
VN2020_220,Kizzee Sevitt,16/3/1980,77101 Talmadge Place,MOBILE
ABC_471,Erich Riepel,22/3/1980,8 Gale Crossing,MOBILE
ABC_541,Jeannette Jest,31/3/1980,81 Shoshone Parkway,MOBILE
VN2020_297,Jon Tibbetts,16/4/1980,5721 Blue Bill Park Lane,MOBILE
VN2020_862,Tirrell Giblin,16/4/1980,265 Alpine Parkway,MOBILE
ABC2020_748,Sibyl Friedman,17/4/1980,0 Sullivan Place,MOBILE
ABC2020_978,Teirtza O'Spillane,30/4/1980,49 Blackbird Crossing,MOBILE
VN2020_457,Marten Price,3/5/1980,4 Green Crossing,MOBILE
VN2020_921,Katleen Barber,10/5/1980,6735 Armistice Point,MOBILE
HUS2020_464,Morris Haycox,20/5/1980,85359 Amoth Parkway,MOBILE
HUS2020_92,Archaimbaud Bartali,24/5/1980,357 Elka Lane,MOBILE
ABC2020_624,Gerrie Veschambes,31/5/1980,4 Summit Road,MOBILE
VN2020_804,Kennedy Hulatt,16/6/1980,20989 Hintze Pass,MOBILE
VN2020_753,Shawna Rix,22/7/1980,6328 Londonderry Crossing,MOBILE
ABC_623,Jaquenetta Sandal,26/7/1980,88295 Elmside Pass,MOBILE
ABC_1409,Gilberto Loffill,5/8/1980,99925 Forest Run Parkway,MOBILE
VN2020_833,Marcie Clyne,7/8/1980,90075 Manley Drive,MOBILE
HUS2020_162,Giorgio Pike,14/8/1980,19 Texas Alley,MOBILE
ABC2020_576,Sigfried Livett,17/8/1980,2 Upham Hill,MOBILE
ABC_1433,Dino Sclanders,24/8/1980,9 Bartillon Pass,MOBILE
ABC_380,Bealle Otter,25/8/1980,39 Waywood Way,MOBILE
ABC_1417,Costanza Redington,6/9/1980,06926 Thierer Drive,MOBILE
ABC_693,Alphonse Willgrass,8/9/1980,2891 Farmco Way,MOBILE
VN2020_704,Ruprecht Jumonet,27/9/1980,97 Veith Plaza,MOBILE
ABC_611,Randolf Jimson,3/10/1980,4 Commercial Lane,MOBILE
VN2020_585,Cathie Yoodall,10/10/1980,2584 Prairieview Park,MOBILE
ABC_1315,Charmine Vitte,14/10/1980,9563 5th Junction,MOBILE
ABC_1040,Adriena Eason,21/10/1980,217 Logan Pass,MOBILE
HUS2020_673,Wynnie Bampfield,23/10/1980,4154 Mariners Cove Street,MOBILE
VN2020_3,Bette Leicester,1/11/1980,96 Blaine Way,MOBILE
ABC_426,Eleanora Jehu,18/11/1980,6 Northridge Plaza,MOBILE
ABC_356,Clemmy Pegler,23/11/1980,7 Pankratz Crossing,MOBILE
VN2020_124,Elly MacGray,24/11/1980,31 Bonner Way,MOBILE
HUS2020_176,Melisande Bulch,9/12/1980,59 Parkside Circle,MOBILE
ABC_1268,Doretta Cowin,12/12/1980,10 Green Ridge Junction,MOBILE
ABC2020_199,Shellie Buckland,12/12/1980,80 Hanover Way,MOBILE
VN2020_353,Stephine Chrestien,16/12/1980,672 Duke Terrace,MOBILE
ABC_1343,Lisabeth Wilby,17/12/1980,88 Autumn Leaf Parkway,MOBILE
HUS2020_664,Rosanne Harber,14/1/1981,3702 Roxbury Pass,MOBILE
ABC_1699,Bibbye Benmore,16/1/1981,7600 Green Point,MOBILE
ABC_1476,Fitz Sharville,20/1/1981,37 Burrows Park,MOBILE
HUS2020_424,Adriena Hukins,1/2/1981,0 Ridgeview Circle,MOBILE
HUS2020_937,Rowney Damarell,1/2/1981,4706 Manitowish Hill,MOBILE
ABC_371,Brit Matiebe,2/2/1981,24858 Burrows Circle,MOBILE
ABC_1813,Alexia Timlin,17/2/1981,762 Thierer Junction,MOBILE
HUS2020_973,Maddi Fussen,1/3/1981,21786 Sullivan Junction,MOBILE
ABC_1621,Portie Eidler,11/3/1981,8 Darwin Avenue,MOBILE
VN2020_541,Kayla Grunwall,14/3/1981,7876 Manitowish Lane,MOBILE
ABC_1573,Rickert Lightbowne,14/4/1981,78020 Mendota Park,MOBILE
ABC_826,Fiorenze Whyler,16/4/1981,6 Fieldstone Pass,MOBILE
ABC_1160,Glennis Philipard,17/4/1981,0816 Dovetail Parkway,MOBILE
ABC_1508,Dunn Eddis,26/4/1981,25993 Grim Alley,MOBILE
ABC_1633,Briano Sample,28/4/1981,84 Village Green Junction,MOBILE
VN2020_467,Cliff Dussy,6/5/1981,62 Dawn Drive,MOBILE
VN2020_472,Lewiss Meacher,17/5/1981,49 Thackeray Trail,MOBILE
ABC2020_669,Penrod Ilewicz,19/5/1981,54309 Warbler Avenue,MOBILE
ABC2020_918,Geri Maxfield,21/5/1981,10534 Crowley Junction,MOBILE
ABC_344,Curran Pipworth,22/5/1981,603 American Junction,MOBILE
ABC_1410,Vivia Steely,22/5/1981,83466 Northwestern Crossing,MOBILE
HUS2020_205,Bethina Frostdicke,15/6/1981,0037 Dakota Lane,MOBILE
HUS2020_847,Sissy De Benedictis,30/6/1981,9442 Surrey Point,MOBILE
VN2020_827,Tarrah Gammett,5/7/1981,22321 4th Way,MOBILE
ABC_1167,Yankee Buncombe,15/7/1981,1 Union Park,MOBILE
ABC_160,Aldon Kunze,18/7/1981,65780 La Follette Junction,MOBILE
ABC2020_134,Andy Fourman,20/7/1981,1 Forest Plaza,MOBILE
VN2020_373,Jason Bassilashvili,20/7/1981,820 Nobel Point,MOBILE
HUS2020_710,Leopold Garwell,29/7/1981,667 Dunning Place,MOBILE
ABC2020_616,Goldi Steljes,1/8/1981,5321 Morning Hill,MOBILE
ABC2020_49,Lowrance Cockitt,5/8/1981,88514 Vera Circle,MOBILE
ABC2020_549,Donetta Shoebottom,21/8/1981,86337 Logan Lane,MOBILE
ABC_792,Miran Lesmonde,23/8/1981,3512 Stephen Junction,MOBILE
HUS2020_800,Sibyl Cowpe,3/9/1981,381 Summer Ridge Circle,MOBILE
VN2020_897,Elaina Battersby,6/9/1981,25 Stone Corner Place,MOBILE
VN2020_892,Kaiser Radborne,17/9/1981,325 Pepper Wood Pass,MOBILE
ABC_1819,Nicholas Scola,28/9/1981,5 Blaine Crossing,MOBILE
ABC_1005,Roxine Carnegy,29/9/1981,25136 Lakewood Gardens Pass,MOBILE
ABC_860,Bernete Pretswell,3/11/1981,283 Johnson Park,MOBILE
HUS2020_267,Fallon Conaboy,3/11/1981,5026 Lunder Crossing,MOBILE
VN2020_602,Eliza Musicka,22/11/1981,60995 Kipling Street,MOBILE
VN2020_341,Matt Abdy,23/11/1981,1 Lerdahl Plaza,MOBILE
ABC2020_923,Iggy Mc Caughen,7/12/1981,8 Redwing Terrace,MOBILE
VN2020_668,Isabel Jarmain,14/12/1981,1112 Rockefeller Trail,MOBILE
ABC_1427,Martin Wittey,16/12/1981,0 Northport Parkway,MOBILE
VN2020_948,Gloria Kix,18/12/1981,4 Valley Edge Crossing,MOBILE
ABC_97,Lenci Teece,27/12/1981,6682 Springview Way,MOBILE
VN2020_660,Redford Batts,30/12/1981,46141 Doe Crossing Pass,MOBILE
ABC_1603,Malanie Wankel,5/1/1982,9 Hagan Hill,MOBILE
ABC2020_820,Marietta Roderham,8/1/1982,23 Fulton Lane,MOBILE
ABC_1677,Cathrine Farnish,11/1/1982,58422 West Parkway,MOBILE
ABC_132,Bea Barnaby,12/1/1982,6190 Birchwood Parkway,MOBILE
ABC2020_371,Ulric Fewster,12/1/1982,498 Lakeland Junction,MOBILE
HUS2020_842,Olag Barbosa,18/1/1982,758 Armistice Parkway,MOBILE
ABC_1113,Bree Billison,26/1/1982,20 Dapin Crossing,MOBILE
ABC_399,Jerrold Goundrill,31/1/1982,348 Northfield Crossing,MOBILE
HUS2020_702,Waverly Banks,1/2/1982,75 Eastlawn Drive,MOBILE
ABC2020_566,Norah Koppeck,7/2/1982,89917 Susan Hill,MOBILE
ABC_767,Korrie Markl,11/2/1982,168 Union Crossing,MOBILE
VN2020_663,Dulciana Guntrip,12/2/1982,625 Forest Dale Terrace,MOBILE
HUS2020_182,Cheryl Ghion,4/3/1982,030 Holy Cross Drive,MOBILE
VN2020_861,Arden Hadley,10/3/1982,84 Talmadge Lane,MOBILE
VN2020_258,Jarret Josland,15/3/1982,3826 Green Point,MOBILE
ABC2020_661,Shaun Hyder,25/3/1982,1 Burrows Junction,MOBILE
ABC2020_896,Haskel Van der Spohr,30/3/1982,487 Del Mar Junction,MOBILE
VN2020_999,Tracie Simester,13/4/1982,808 Southridge Hill,MOBILE
ABC_1828,Jada Hasling,20/4/1982,1 Barby Pass,MOBILE
ABC_391,Gan Furmage,29/4/1982,01 Knutson Alley,MOBILE
ABC_1202,Gilli Berndtssen,3/5/1982,210 Center Street,MOBILE
ABC2020_543,Lynn Cumbers,4/5/1982,9501 Chinook Drive,MOBILE
ABC2020_429,Meade Hailey,18/5/1982,27 Butterfield Parkway,MOBILE
HUS2020_403,Eugenio Orbell,27/5/1982,962 Coolidge Way,MOBILE
VN2020_808,Krysta Knowler,28/5/1982,71053 Carberry Junction,MOBILE
HUS2020_960,Violette Fronks,8/6/1982,207 Russell Avenue,MOBILE
HUS2020_77,Trenna Mollnar,11/6/1982,8 Bonner Parkway,MOBILE
ABC_32,Arlena Troup,21/6/1982,01570 6th Way,MOBILE
VN2020_963,Chance Spours,21/6/1982,3337 Helena Trail,MOBILE
HUS2020_149,Sisely Gulland,24/6/1982,9768 Esker Terrace,MOBILE
VN2020_707,Lemmie Kezar,24/6/1982,4997 Raven Way,MOBILE
VN2020_926,Zilvia Grisard,28/6/1982,38520 Maywood Park,MOBILE
ABC_717,Radcliffe Heisham,29/6/1982,9 Fisk Hill,MOBILE
HUS2020_931,Brittne Nann,26/7/1982,05 Schmedeman Parkway,MOBILE
HUS2020_22,Brad Hugenin,27/7/1982,395 Arapahoe Terrace,MOBILE
VN2020_779,Brenna Cossey,11/8/1982,89496 Florence Pass,MOBILE
HUS2020_819,Sharona Karolowski,18/8/1982,4 Northwestern Point,MOBILE
VN2020_615,Mace Mary,21/8/1982,0 Bluestem Plaza,MOBILE
VN2020_821,Kalli Merali,21/8/1982,3 Larry Hill,MOBILE
VN2020_838,Arliene Cauldwell,23/8/1982,50 Kedzie Parkway,MOBILE
VN2020_577,Larry Dehmel,30/8/1982,17545 Mallard Lane,MOBILE
ABC2020_864,Jacques Davydkov,14/9/1982,0165 Westport Park,MOBILE
ABC_901,Wilton Camplen,21/9/1982,5866 Cordelia Crossing,MOBILE
HUS2020_165,Micah Bockin,27/9/1982,03071 Haas Point,MOBILE
ABC2020_865,Malissa Osgordby,2/10/1982,13 Anthes Point,MOBILE
ABC_282,Pavlov Evett,5/10/1982,27787 Lakewood Gardens Parkway,MOBILE
ABC_1360,Oliviero Kington,11/10/1982,55 Farragut Street,MOBILE
ABC_1576,Hillie Haycock,21/10/1982,256 Monterey Street,MOBILE
ABC2020_708,Jamill Starrs,25/10/1982,10 Oakridge Court,MOBILE
HUS2020_417,Lorelle Risley,29/10/1982,0 Morrow Court,MOBILE
ABC_1616,Meridith Jessep,1/11/1982,990 Carberry Parkway,MOBILE
HUS2020_46,Mohandas Matasov,2/11/1982,25969 Kedzie Court,MOBILE
ABC_1638,Billi Leet,16/11/1982,30 Eagle Crest Road,MOBILE
VN2020_43,Modesta O'Lynn,17/11/1982,0 Spenser Center,MOBILE
ABC_867,Mic Baldam,20/11/1982,40 Cody Center,MOBILE
ABC_678,Welsh Carlisi,25/11/1982,48200 Pepper Wood Alley,MOBILE
ABC_1387,Marcellus Moehle,4/12/1982,29613 Sycamore Junction,MOBILE
VN2020_717,Christiano Vize,19/12/1982,9865 Union Road,MOBILE
HUS2020_761,Miof mela Fearn,23/12/1982,88927 Twin Pines Point,MOBILE
HUS2020_939,Harp Sare,23/12/1982,0 Pepper Wood Way,MOBILE
ABC_169,Almeria MacBarron,27/12/1982,327 Tomscot Center,MOBILE
ABC_89,Caresse Robillard,30/12/1982,0216 Hermina Road,MOBILE
ABC_1217,Bern Sijmons,12/1/1983,2059 Warrior Way,MOBILE
VN2020_748,Lacy Schriren,23/1/1983,000 Kingsford Street,MOBILE
ABC2020_786,Tallie Alessandone,30/1/1983,55 Thackeray Road,MOBILE
ABC_1558,Cyrillus Dunseath,31/1/1983,874 Forster Trail,MOBILE
VN2020_42,Hilton Niccolls,10/2/1983,031 Maple Wood Circle,MOBILE
ABC_1758,Robbie Forri,22/2/1983,07191 Parkside Crossing,MOBILE
ABC_977,Saunder Arrigucci,26/2/1983,71808 Kensington Court,MOBILE
ABC2020_39,Lin Curling,26/2/1983,94 Sauthoff Circle,MOBILE
VN2020_345,Kory Auchinleck,2/3/1983,84897 Hoard Hill,MOBILE
ABC2020_986,Zandra Lauks,6/3/1983,4 Twin Pines Way,MOBILE
ABC_1016,Leone Keniwell,12/3/1983,4884 Becker Point,MOBILE
ABC_1184,Florri Culverhouse,13/3/1983,936 Dottie Hill,MOBILE
HUS2020_246,Anni Cattlow,17/3/1983,0142 Sunfield Hill,MOBILE
HUS2020_72,Lyn Baughen,23/3/1983,82984 Lakeland Circle,MOBILE
ABC_1303,Claiborn Ygoe,30/3/1983,58633 Dwight Road,MOBILE
VN2020_31,Javier Kinsella,29/4/1983,53347 Evergreen Trail,MOBILE
VN2020_953,Ashton MacCroary,9/5/1983,225 Lakewood Hill,MOBILE
ABC_640,Cissiee Lias,17/5/1983,435 Aberg Pass,MOBILE
ABC2020_389,Rufe Corradengo,1/6/1983,41 Corscot Pass,MOBILE
HUS2020_980,Udall Hanselmann,5/6/1983,6605 Loftsgordon Court,MOBILE
VN2020_370,Coreen Gaukrodge,18/6/1983,55 Heath Plaza,MOBILE
ABC_304,Clementine Brandon,22/7/1983,0 Shopko Street,MOBILE
HUS2020_534,Percy Klain,30/7/1983,14776 La Follette Terrace,MOBILE
ABC2020_300,Kaleena Canby,1/8/1983,608 Sunnyside Place,MOBILE
ABC_1305,La verne Francisco,25/8/1983,66242 Myrtle Place,MOBILE
ABC_754,Fredia Lynas,29/8/1983,40 Lakewood Terrace,MOBILE
ABC2020_398,Vale Hedde,29/8/1983,103 Jackson Pass,MOBILE
ABC_1739,Amandi Schindler,30/8/1983,85 Nobel Street,MOBILE
ABC_1775,Shanna Aldiss,31/8/1983,42 Crest Line Parkway,MOBILE
ABC2020_795,Trever Dash,8/9/1983,6 Elgar Crossing,MOBILE
VN2020_734,Dav Sharnock,18/9/1983,2 Lukken Pass,MOBILE
ABC2020_753,Clyve Pea,22/9/1983,77331 Messerschmidt Alley,MOBILE
VN2020_750,Vassili Crossdale,25/9/1983,4 Lighthouse Bay Center,MOBILE
ABC_686,Simonne Winspeare,2/10/1983,80 Scott Alley,MOBILE
ABC_1822,Goldie Preshous,2/10/1983,45 Fair Oaks Parkway,MOBILE
ABC_1465,Saunderson Fortin,9/10/1983,5989 Esch Street,MOBILE
ABC_349,Killian Sciacovelli,11/10/1983,20 Burning Wood Center,MOBILE
ABC2020_470,Thomasine Manser,21/12/1983,172 Springs Center,MOBILE
HUS2020_271,Fiona Foxton,26/12/1983,9805 Forest Dale Point,MOBILE
HUS2020_421,Eve Davidovici,29/12/1983,71 Prentice Drive,MOBILE
VN2020_80,Christian Aps,7/1/1984,26 Waywood Alley,MOBILE
ABC_1498,Celeste Slevin,24/1/1984,92553 Brown Point,MOBILE
ABC_1008,Juieta Sharpe,14/2/1984,8568 Basil Plaza,MOBILE
ABC_1839,Brittani Byatt,16/2/1984,85 Goodland Road,MOBILE
ABC2020_969,Janella Ramstead,13/3/1984,3 Prairieview Junction,MOBILE
ABC_1050,Nevin Scone,14/3/1984,6 Donald Junction,MOBILE
HUS2020_359,Diarmid Barlas,20/3/1984,289 Onsgard Place,MOBILE
VN2020_744,Kial Brotherhead,27/3/1984,01 Forest Run Parkway,MOBILE
HUS2020_308,Beverlee Sharvell,9/4/1984,0345 Redwing Trail,MOBILE
ABC_997,Ethe Joder,13/4/1984,93 Killdeer Road,MOBILE
VN2020_611,Ebonee Wontner,22/4/1984,89 Esker Street,MOBILE
ABC2020_547,Gusta Bello,23/4/1984,70277 Melby Center,MOBILE
VN2020_280,Torrey Reddihough,17/6/1984,7724 Hayes Terrace,MOBILE
VN2020_723,Urbain Luxford,24/6/1984,39987 Sutherland Trail,MOBILE
HUS2020_682,Alley Monson,11/7/1984,271 Jay Lane,MOBILE
HUS2020_726,Mella Huncoot,30/7/1984,0369 Scofield Plaza,MOBILE
ABC_1209,Grover Ruller,13/8/1984,2 Spohn Hill,MOBILE
ABC2020_164,Tamra Feather,17/8/1984,0 Merrick Pass,MOBILE
HUS2020_150,Kristopher Narraway,17/8/1984,3 South Point,MOBILE
VN2020_93,Rosaleen Elliston,23/8/1984,4 Jenifer Trail,MOBILE
ABC_1550,Cirilo Merrgen,28/8/1984,8 Sutteridge Junction,MOBILE
HUS2020_893,Georgianna Redmond,4/9/1984,43050 Roxbury Court,MOBILE
VN2020_962,Richardo Bricham,15/9/1984,28366 Bowman Drive,MOBILE
ABC_1563,Brenda Rodda,19/9/1984,447 Granby Street,MOBILE
ABC_1636,Angeline Mummery,23/9/1984,56190 Dapin Junction,MOBILE
ABC_1655,Carline Kimble,25/9/1984,50 Colorado Center,MOBILE
VN2020_160,Cristi Durrett,30/9/1984,82 Montana Hill,MOBILE
ABC_1345,Koenraad Zealander,1/10/1984,55 Stoughton Drive,MOBILE
ABC2020_523,Berkie Fitzsymon,9/10/1984,84 Charing Cross Drive,MOBILE
ABC2020_591,Thurston Fosdick,17/10/1984,89629 Truax Drive,MOBILE
ABC_1782,Welsh Towe,11/11/1984,681 Clyde Gallagher Pass,MOBILE
ABC_573,Bing Yurivtsev,28/11/1984,251 Bunting Crossing,MOBILE
ABC_603,Bartolomeo D'Adamo,3/12/1984,917 La Follette Junction,MOBILE
ABC_988,Rodd Flahy,11/12/1984,6 Roth Place,MOBILE
ABC_1779,Jacquenetta Abelson,18/12/1984,16972 Kropf Circle,MOBILE
ABC_466,Tades Novis,27/12/1984,5327 Luster Plaza,MOBILE
ABC_1297,Damita Easthope,3/1/1985,88 Johnson Court,MOBILE
VN2020_605,Caron Witherup,22/1/1985,8054 Morrow Avenue,MOBILE
ABC_1757,Vita Ebbetts,23/1/1985,07 Packers Drive,MOBILE
ABC2020_449,Junina Hartin,23/1/1985,6 Esch Place,MOBILE
ABC_782,Aylmar Borthwick,25/1/1985,69460 Washington Center,MOBILE
ABC_1549,Carce Mizzen,10/2/1985,48969 Meadow Valley Point,MOBILE
HUS2020_52,Orland Verna,28/2/1985,96 Laurel Road,MOBILE
ABC_853,Yetta Cracker,5/3/1985,294 Katie Trail,MOBILE
VN2020_330,Lorant Habbes,11/3/1985,454 Hintze Trail,MOBILE
ABC2020_790,Marin Leng,20/3/1985,324 Clove Avenue,MOBILE
VN2020_184,Lewie McMorran,22/3/1985,81374 High Crossing Lane,MOBILE
ABC_1506,Sheffie Featherbie,23/3/1985,34907 Arapahoe Alley,MOBILE
ABC2020_836,Ebba Sellwood,25/3/1985,60455 Hoepker Hill,MOBILE
ABC_551,Mick O'Dee,8/4/1985,43322 Manitowish Street,MOBILE
VN2020_418,Konstantine Sentance,8/4/1985,36 Commercial Street,MOBILE
HUS2020_964,Loy Musterd,22/4/1985,0 Scoville Center,MOBILE
HUS2020_265,Idette Paulot,24/4/1985,542 Linden Place,MOBILE
ABC_861,Ailee Blues,29/4/1985,06 Mayer Park,MOBILE
ABC_1386,Krispin Gyde,20/5/1985,7143 Blaine Hill,MOBILE
ABC_1860,Alicia Attoe,31/5/1985,723 Petterle Street,MOBILE
ABC_1135,Bond Larvent,4/6/1985,701 Maple Wood Hill,MOBILE
ABC_1672,Roze Kiwitz,15/6/1985,5 Schurz Avenue,MOBILE
ABC_556,Alexio Swalowe,19/6/1985,63 Buena Vista Alley,MOBILE
VN2020_787,Benji Krzysztofiak,30/6/1985,4 Forster Circle,MOBILE
HUS2020_43,Ferris Potzold,7/7/1985,4 New Castle Alley,MOBILE
HUS2020_499,Bernita Frapwell,30/7/1985,2788 Stone Corner Court,MOBILE
HUS2020_913,Casper Castanone,5/8/1985,1 Ridgeway Drive,MOBILE
ABC_557,Dav Radcliffe,15/8/1985,172 Columbus Court,MOBILE
ABC2020_956,Andriette Acory,25/8/1985,50945 Pearson Street,MOBILE
ABC_1399,Sonia Larrat,1/9/1985,62041 Redwing Pass,MOBILE
ABC2020_629,Angeline Tottman,2/9/1985,35644 Macpherson Road,MOBILE
HUS2020_698,Kerstin Huby,9/9/1985,40493 Crest Line Terrace,MOBILE
VN2020_313,Shannan Grelak,10/9/1985,51469 Laurel Parkway,MOBILE
ABC2020_737,Marilin Wattisham,11/9/1985,6305 Oakridge Alley,MOBILE
ABC_563,Mel Follows,13/9/1985,7 Muir Lane,MOBILE
ABC_736,Paule Denyukhin,17/9/1985,1513 Drewry Road,MOBILE
VN2020_550,Kermit Hebner,24/9/1985,68 Farragut Junction,MOBILE
ABC_121,Charlean MacArthur,28/9/1985,3340 Blaine Center,MOBILE
HUS2020_45,Jordanna Garbutt,6/10/1985,288 Northwestern Point,MOBILE
ABC2020_920,Kathi Dandie,14/10/1985,43406 Vidon Place,MOBILE
HUS2020_535,Eddie Lantiffe,14/10/1985,53283 Darwin Circle,MOBILE
ABC2020_224,Eldin Bugler,22/10/1985,08970 Ramsey Center,MOBILE
HUS2020_240,Wandie Krates,30/10/1985,7 Vermont Lane,MOBILE
VN2020_745,Kimmie Monkeman,2/11/1985,406 Helena Place,MOBILE
ABC_592,Albertine Rosoni,5/11/1985,434 Jackson Pass,MOBILE
ABC2020_218,Gianna Dugood,5/11/1985,59 Westerfield Center,MOBILE
ABC2020_512,Bay Snailham,5/11/1985,63 High Crossing Pass,MOBILE
VN2020_633,Ralph Martineau,10/11/1985,41 Pennsylvania Pass,MOBILE
VN2020_170,Shirley Kilbourne,11/11/1985,40 Ridge Oak Place,MOBILE
ABC_558,Amalee Lisamore,13/11/1985,6 Shoshone Drive,MOBILE
ABC_554,Keene Pethick,15/11/1985,2 Sutherland Pass,MOBILE
VN2020_58,Hillie Yglesia,25/11/1985,2 Surrey Lane,MOBILE
VN2020_17,Rhodie Finlow,6/12/1985,719 Maple Wood Circle,MOBILE
ABC_444,Helga Simmon,7/12/1985,8876 Burning Wood Terrace,MOBILE
ABC_671,Dinah Kissell,14/12/1985,1 Darwin Center,MOBILE
HUS2020_528,Oona Abrashkov,25/12/1985,97755 Kings Alley,MOBILE
HUS2020_626,Claudetta Black,27/12/1985,21494 Upham Road,MOBILE
ABC_844,Gratiana Reuben,1/1/1986,1 Grayhawk Park,MOBILE
VN2020_458,Constancia Guillot,2/1/1986,31 Jay Drive,MOBILE
VN2020_518,Ernestine De la Zenne,21/1/1986,20304 Farmco Circle,MOBILE
ABC_1244,Stefano Ikringill,5/2/1986,440 Riverside Point,MOBILE
ABC_1825,Elly Fasset,19/2/1986,3 Mayer Way,MOBILE
HUS2020_669,Arch Ortell,15/3/1986,91 Roth Alley,MOBILE
VN2020_631,Chaim Allison,16/3/1986,1 Daystar Drive,MOBILE
ABC_1728,Barny Iwanczyk,5/4/1986,55 Cordelia Drive,MOBILE
HUS2020_439,Giacinta Vannini,9/4/1986,5 Hazelcrest Street,MOBILE
ABC2020_304,Erroll Momford,12/4/1986,09498 Stone Corner Avenue,MOBILE
HUS2020_460,Carmelia Pykerman,21/4/1986,3084 8th Drive,MOBILE
ABC_594,Giles Cubitt,7/5/1986,19195 Independence Avenue,MOBILE
HUS2020_119,Sayres Lattey,8/5/1986,1719 Tennyson Junction,MOBILE
HUS2020_754,Jodi Ioan,23/5/1986,492 Burning Wood Pass,MOBILE
VN2020_438,Corri Arundale,27/5/1986,5466 Eliot Road,MOBILE
ABC_20,Gilli Tiner,29/5/1986,369 Center Point,MOBILE
ABC_766,Nick Eadmead,29/5/1986,1774 Buhler Plaza,MOBILE
ABC2020_703,Danna Peeke,30/5/1986,3 Utah Road,MOBILE
ABC_1211,Sylvan Mustoo,6/6/1986,04414 Hooker Alley,MOBILE
HUS2020_432,Sandye Bletso,9/6/1986,15326 Valley Edge Junction,MOBILE
ABC2020_579,Pamelina Hadden,16/6/1986,4 Melvin Way,MOBILE
HUS2020_896,Darleen Merriday,16/6/1986,1731 Donald Trail,MOBILE
ABC2020_552,Gillian Watkin,24/6/1986,2110 Dwight Alley,MOBILE
HUS2020_705,Lesley Borges,1/7/1986,0 Hooker Point,MOBILE
ABC2020_265,Zabrina Sharper,29/7/1986,485 Kropf Crossing,MOBILE
ABC_1721,Nester Gronow,10/8/1986,206 Karstens Court,MOBILE
HUS2020_679,Joete Dear,10/8/1986,853 Kings Terrace,MOBILE
ABC2020_541,Selma Hamner,13/8/1986,5896 Carpenter Plaza,MOBILE
VN2020_263,Shelley Mumbray,15/8/1986,9 Monterey Park,MOBILE
ABC_1931,Nikita Purle,28/8/1986,36 Ryan Terrace,MOBILE
ABC_1771,Jedd Couve,6/9/1986,6645 Johnson Parkway,MOBILE
HUS2020_241,Britni Dove,11/9/1986,352 Becker Plaza,MOBILE
ABC2020_307,Daffy Brogi,25/9/1986,71 Union Drive,MOBILE
ABC2020_799,Linda Trythall,25/9/1986,84 Burning Wood Circle,MOBILE
VN2020_710,Fairlie Caunt,29/9/1986,4016 Clarendon Hill,MOBILE
HUS2020_249,Huberto Portsmouth,5/10/1986,8179 Tennessee Drive,MOBILE
ABC_173,Shaun Clitherow,12/10/1986,51660 Troy Avenue,MOBILE
ABC2020_777,Desdemona Ionn,22/10/1986,3817 Jay Pass,MOBILE
VN2020_530,Quentin Targett,30/10/1986,1 Main Place,MOBILE
ABC_346,Angel Dunbobin,1/11/1986,169 Rowland Lane,MOBILE
VN2020_886,Monro Scholar,2/11/1986,417 Melody Point,MOBILE
VN2020_846,Tatiana Stickens,8/11/1986,00163 Judy Park,MOBILE
ABC2020_798,Maggie Bellhouse,20/11/1986,814 Saint Paul Alley,MOBILE
ABC_1055,Bella Goldberg,28/11/1986,24588 Thompson Parkway,MOBILE
ABC_1471,Dore Eldrid,1/12/1986,901 Buhler Road,MOBILE
ABC_1033,Rubin Rown,21/12/1986,68 Lotheville Drive,MOBILE
ABC_1051,Caitrin Scarr,22/12/1986,13063 Iowa Crossing,MOBILE
ABC2020_142,Mischa Crann,6/1/1987,5660 Artisan Point,MOBILE
HUS2020_513,Hi Radbourn,6/1/1987,5585 Bobwhite Parkway,MOBILE
ABC_1141,Donella Revie,7/1/1987,43217 Walton Road,MOBILE
ABC_585,Christian Hedworth,11/1/1987,8579 Raven Junction,MOBILE
ABC_1914,Rheba Torfin,11/1/1987,9595 Vermont Hill,MOBILE
HUS2020_252,Gauthier Galton,19/1/1987,82 Farragut Avenue,MOBILE
VN2020_925,Janene Maughan,27/1/1987,7 Kim Crossing,MOBILE
ABC_1238,Rutter Yves,29/1/1987,23342 Goodland Street,MOBILE
VN2020_115,Hilda Whitlaw,31/1/1987,2 Carioca Terrace,MOBILE
VN2020_165,Ardisj Verlander,6/2/1987,88607 Buena Vista Avenue,MOBILE
HUS2020_825,Abbi Aylett,8/3/1987,112 Grasskamp Pass,MOBILE
VN2020_357,Jacki Gronowe,10/3/1987,9 Lakewood Gardens Circle,MOBILE
ABC_6,Jo Conibear,13/3/1987,7990 Bashford Drive,MOBILE
ABC2020_1000,Marybeth Mawhinney,29/3/1987,8921 Melvin Point,MOBILE
ABC_1246,Chelsey Haquard,30/3/1987,20299 Straubel Plaza,MOBILE
ABC_1830,Marrissa Darko,2/4/1987,4543 Mcguire Park,MOBILE
ABC_105,Tierney Petrazzi,3/4/1987,047 Scofield Park,MOBILE
ABC_1598,Angy Martschke,9/4/1987,04881 Dawn Street,MOBILE
VN2020_143,Archy Spatari,12/4/1987,0246 Commercial Pass,MOBILE
HUS2020_971,Stoddard Bruinsma,13/4/1987,9827 Service Lane,MOBILE
ABC_604,Iona Ludovici,3/5/1987,1 Lake View Junction,MOBILE
ABC_1229,Lynnelle Stride,5/5/1987,4213 Saint Paul Circle,MOBILE
ABC_1662,Hastings Kunz,7/5/1987,60048 Karstens Crossing,MOBILE
VN2020_864,Cedric Alliberton,15/5/1987,0 Magdeline Center,MOBILE
HUS2020_261,Jesus MacFarlane,17/5/1987,041 Atwood Point,MOBILE
ABC_758,Annemarie Bartlomiejczyk,30/5/1987,9 Huxley Center,MOBILE
VN2020_891,Brennan Carragher,15/6/1987,428 David Drive,MOBILE
HUS2020_328,Nomi Pitrelli,23/6/1987,36472 Waubesa Place,MOBILE
ABC_1649,Bambi Kleinerman,28/6/1987,35234 Mandrake Trail,MOBILE
ABC_91,Jemima Jachimiak,1/7/1987,1478 Kingsford Trail,MOBILE
ABC2020_465,Rab Rizziello,5/7/1987,576 Merchant Alley,MOBILE
ABC_510,Felike Craydon,8/7/1987,6573 Mccormick Street,MOBILE
ABC_1011,Angelita Titt,10/7/1987,65425 Homewood Alley,MOBILE
ABC_871,Russ Quayle,1/8/1987,75155 Forest Road,MOBILE
VN2020_41,Doreen Coppen,1/8/1987,09 Stephen Way,MOBILE
ABC_1137,Patrica Dudmarsh,6/8/1987,242 Rieder Circle,MOBILE
ABC_550,Verge Infantino,9/8/1987,9635 Becker Pass,MOBILE
VN2020_915,Myriam Antao,16/8/1987,76 Valley Edge Circle,MOBILE
HUS2020_331,John Hardeman,26/8/1987,6464 Briar Crest Trail,MOBILE
HUS2020_593,Cris Cann,30/8/1987,872 Paget Pass,MOBILE
VN2020_799,Bronson Bedlington,4/9/1987,7 Springview Center,MOBILE
ABC_1479,Mitchel Maddra,29/9/1987,788 Evergreen Crossing,MOBILE
HUS2020_958,Kenn Aitken,13/10/1987,742 Hallows Trail,MOBILE
ABC_636,Maximilian Ackrill,27/10/1987,55858 Sullivan Parkway,MOBILE
ABC_1020,Millicent Roiz,31/10/1987,0867 Hanover Place,MOBILE
ABC_264,Olympie Clacey,4/11/1987,081 Sunnyside Alley,MOBILE
VN2020_818,Kermy Scole,5/11/1987,695 Cambridge Terrace,MOBILE
VN2020_599,Adan Clarey,14/11/1987,68199 Corry Way,MOBILE
HUS2020_435,Maisey Phettis,16/11/1987,345 Fieldstone Drive,MOBILE
ABC2020_121,Fonz Scrimgeour,24/11/1987,8 Anthes Center,MOBILE
ABC2020_744,Ginnie Carefull,28/11/1987,742 Harper Lane,MOBILE
ABC_1871,Phelia O'Kennavain,5/12/1987,9252 Waxwing Avenue,MOBILE
VN2020_547,Jemimah Culham,12/12/1987,410 Kings Junction,MOBILE
ABC_1024,Lorens Newis,22/12/1987,084 Weeping Birch Pass,MOBILE
ABC2020_895,Frannie Deering,30/12/1987,81166 Grasskamp Center,MOBILE
VN2020_466,Marcelle Frodsam,8/1/1988,1877 Jay Avenue,MOBILE
HUS2020_183,Sawyer Withers,18/1/1988,81 Messerschmidt Road,MOBILE
VN2020_854,Vivia Holstein,27/1/1988,04 Farwell Park,MOBILE
ABC2020_562,Min Monkleigh,2/2/1988,3 Summerview Hill,MOBILE
ABC_665,Winnifred Onraet,3/2/1988,282 Maple Road,MOBILE
ABC_520,Franciskus Hapgood,8/2/1988,0 Starling Parkway,MOBILE
ABC_1750,Gustaf Fermor,23/2/1988,2 Shoshone Street,MOBILE
VN2020_469,Vivian Gosby,24/2/1988,895 Chinook Junction,MOBILE
ABC_1988,Danila Polglase,27/2/1988,00919 Division Circle,MOBILE
HUS2020_753,Vyky Sandham,11/3/1988,2375 Farmco Terrace,MOBILE
ABC_445,Kerr Labden,20/3/1988,6250 Center Point,MOBILE
ABC_874,Jock Le Blond,6/4/1988,26041 Harbort Road,MOBILE
ABC_544,Claudetta Kennion,7/4/1988,818 Butternut Way,MOBILE
ABC_1264,Marina Monkton,13/4/1988,12 Lien Alley,MOBILE
ABC2020_839,Leicester Barbour,16/4/1988,5 Hayes Alley,MOBILE
HUS2020_556,Shanan Dyke,20/4/1988,04300 Waubesa Circle,MOBILE
ABC_224,Halimeda Spurryer,26/4/1988,08956 Di Loreto Avenue,MOBILE
VN2020_96,Lorenza Hazeltine,27/4/1988,443 Cody Pass,MOBILE
ABC2020_195,Nikoletta Filde,3/5/1988,6 Erie Point,MOBILE
HUS2020_390,Ebony Endean,7/5/1988,20 Commercial Center,MOBILE
ABC_13,Geri Bendley,22/5/1988,5642 Crest Line Plaza,MOBILE
ABC_1378,Mile Datte,25/5/1988,506 Lakeland Park,MOBILE
ABC_359,Dorene Lemmen,27/6/1988,91327 Iowa Alley,MOBILE
VN2020_150,Monro Chastey,4/7/1988,95 Tennessee Avenue,MOBILE
HUS2020_905,Dylan Fideler,5/7/1988,3293 Bartelt Pass,MOBILE
VN2020_136,Corly Tuxell,24/7/1988,49925 Commercial Terrace,MOBILE
ABC2020_188,Craggie Thaller,25/7/1988,13 Gateway Parkway,MOBILE
VN2020_603,Willis Pennicott,22/8/1988,4249 Red Cloud Parkway,MOBILE
HUS2020_311,Blondell Beardow,26/8/1988,30136 Ridge Oak Point,MOBILE
VN2020_871,Myrwyn Abella,3/9/1988,92722 Main Lane,MOBILE
ABC_1591,Kym Forster,6/9/1988,995 Ryan Point,MOBILE
ABC_435,Daniele Gowland,10/9/1988,494 Dapin Way,MOBILE
ABC_1118,Gussy Mott,14/9/1988,0944 Delladonna Plaza,MOBILE
VN2020_402,Uta Karran,28/9/1988,43 Mayfield Avenue,MOBILE
VN2020_243,Lucille Sutworth,4/10/1988,69911 Texas Junction,MOBILE
HUS2020_588,Tris Le Fevre,12/10/1988,577 Sachs Trail,MOBILE
ABC_929,Will Emmer,21/10/1988,5488 Merry Trail,MOBILE
VN2020_726,Blanca Schenfisch,28/10/1988,24278 Wayridge Park,MOBILE
HUS2020_168,Godfrey Kiljan,6/11/1988,9 Larry Street,MOBILE
ABC_421,Robinia Barnsdall,17/11/1988,01987 Scott Parkway,MOBILE
ABC_803,Gus Bricknall,17/11/1988,34 Carberry Alley,MOBILE
ABC_490,Grover Spatari,20/11/1988,913 Knutson Hill,MOBILE
ABC2020_129,Levey Pady,21/11/1988,476 Westridge Avenue,MOBILE
VN2020_595,Sergeant Snoday,4/12/1988,32678 Tennyson Street,MOBILE
ABC_400,Hannie Zannetti,5/12/1988,84136 Arrowood Road,MOBILE
HUS2020_478,Vachel Peterffy,6/12/1988,5166 Mariners Cove Street,MOBILE
VN2020_410,Dulci Grishagin,24/12/1988,487 Corscot Parkway,MOBILE
ABC_684,Cal Loseke,30/12/1988,71 Tennessee Place,MOBILE
ABC_1159,Sofie Portinari,3/1/1989,01416 Clarendon Crossing,MOBILE
ABC_1469,Kaia Cortes,7/1/1989,657 Oakridge Trail,MOBILE
HUS2020_87,Belia Egdale,9/1/1989,4684 Eagle Crest Drive,MOBILE
ABC_931,Ryan Hassett,2/2/1989,42 Autumn Leaf Trail,MOBILE
ABC_1862,Ingamar Callar,3/2/1989,806 Holmberg Circle,MOBILE
ABC2020_645,Lulita Symonds,4/2/1989,6600 7th Lane,MOBILE
ABC_1886,Clerc Chumley,9/2/1989,9479 Morning Drive,MOBILE
HUS2020_462,Merna Castelletto,13/2/1989,06 Mallory Road,MOBILE
ABC_1639,Anselma Nerne,14/2/1989,562 Farmco Avenue,MOBILE
ABC_1834,Sophey Mathieson,14/2/1989,212 Stone Corner Terrace,MOBILE
ABC_492,Micky Murricanes,16/2/1989,664 Cardinal Circle,MOBILE
ABC_232,Marlane Blundin,14/3/1989,080 Hagan Road,MOBILE
VN2020_386,Yorke Osmond,18/3/1989,135 Butterfield Road,MOBILE
VN2020_125,Krishnah Glowacha,24/3/1989,14 Little Fleur Trail,MOBILE
ABC2020_736,Neron Laidlow,18/4/1989,17 Tennessee Way,MOBILE
ABC_1593,Franky Passey,21/4/1989,39938 Hudson Terrace,MOBILE
ABC2020_40,Ashby Beaushaw,5/5/1989,39196 Brickson Park Hill,MOBILE
HUS2020_959,Allie Pragnell,5/5/1989,1381 Dovetail Center,MOBILE
VN2020_436,Geoffrey Joberne,9/5/1989,08 Red Cloud Parkway,MOBILE
ABC_248,Dinah Cockland,26/5/1989,98 Ryan Street,MOBILE
ABC_1733,Trev Cheng,2/6/1989,109 Express Parkway,MOBILE
ABC_315,Corinna Mewes,21/6/1989,78 Ridge Oak Alley,MOBILE
VN2020_181,Weber Povey,23/6/1989,114 Erie Street,MOBILE
ABC2020_335,Carma Crackel,4/7/1989,6424 Buell Trail,MOBILE
VN2020_822,Dore Gerritzen,8/7/1989,644 Mitchell Park,MOBILE
HUS2020_661,Lorettalorna Starrs,9/7/1989,6 Butterfield Alley,MOBILE
ABC2020_791,Sydney Newhouse,12/7/1989,99256 Memorial Trail,MOBILE
ABC2020_686,Shoshana Roalfe,14/7/1989,695 Mayfield Circle,MOBILE
ABC_26,Yancy Himpson,30/7/1989,067 Karstens Way,MOBILE
HUS2020_798,Brant Bugdall,8/8/1989,3570 Jenifer Point,MOBILE
ABC_1521,Ramsey Sanpere,12/8/1989,5 Paget Drive,MOBILE
ABC_397,Chelsea Lilleman,30/8/1989,579 Holmberg Alley,MOBILE
ABC2020_854,Abran Nolli,22/9/1989,0 Colorado Junction,MOBILE
ABC_272,Teddie Berard,23/9/1989,886 Forest Dale Terrace,MOBILE
HUS2020_184,Alex Piatkow,26/9/1989,6431 Bluestem Avenue,MOBILE
HUS2020_590,Corina Billett,3/10/1989,9190 Oriole Drive,MOBILE
ABC_575,Virgilio Skowcraft,6/10/1989,88 Wayridge Road,MOBILE
HUS2020_810,Zelig Kave,21/10/1989,6 Reindahl Drive,MOBILE
VN2020_56,Bobbie Remmer,22/10/1989,70 Dwight Parkway,MOBILE
VN2020_368,Cletus Pynner,2/11/1989,584 Maple Terrace,MOBILE
ABC_813,Ashely Wyllcocks,11/11/1989,757 Melrose Plaza,MOBILE
ABC_1103,Feodor Igo,16/11/1989,23883 Messerschmidt Drive,MOBILE
VN2020_986,Loretta Hopewell,24/11/1989,25091 Bluestem Way,MOBILE
ABC_396,Lauryn Appleton,26/11/1989,34 Pine View Center,MOBILE
ABC2020_889,Gherardo Allport,29/11/1989,3595 Jenifer Lane,MOBILE
ABC_487,Benjamin Yakebovitch,22/12/1989,438 Corscot Road,MOBILE
ABC_1669,Florence Colnet,22/12/1989,38 Hintze Court,MOBILE
HUS2020_186,Octavius Wartnaby,27/12/1989,3093 Buell Crossing,MOBILE
ABC_58,Monroe Ilymanov,29/12/1989,48532 Heath Lane,MOBILE
ABC_789,Clayborn Starrs,3/1/1990,32340 Schurz Center,MOBILE
VN2020_473,Cesar Upstell,16/1/1990,45487 Lakewood Gardens Trail,MOBILE
ABC_1391,Cordi Gebuhr,20/1/1990,96960 Bunting Alley,MOBILE
VN2020_397,Clair Stivey,10/2/1990,880 Shasta Road,MOBILE
ABC_1694,Gard Barefoot,13/2/1990,1 Eliot Junction,MOBILE
ABC_610,Dareen Rattrie,18/2/1990,55307 Kedzie Point,MOBILE
ABC_94,Salvidor Mandre,22/2/1990,6 Redwing Plaza,MOBILE
ABC2020_15,Byron Kleiser,26/2/1990,5 South Street,MOBILE
VN2020_670,Seumas Mularkey,6/3/1990,6 Annamark Terrace,MOBILE
ABC_568,Gardener Heineking,20/3/1990,437 Westport Park,MOBILE
HUS2020_9,Gwenneth Ropartz,14/4/1990,50 Blue Bill Park Pass,MOBILE
ABC_992,Adele Murkitt,18/4/1990,6782 Declaration Crossing,MOBILE
ABC2020_169,Neron Scupham,30/4/1990,4 Coolidge Drive,MOBILE
VN2020_795,Cami Stelle,17/5/1990,85286 Mcguire Center,MOBILE
VN2020_944,Curcio Middlemist,23/5/1990,7 Sullivan Junction,MOBILE
ABC_914,Andrus Cafferky,14/6/1990,240 Erie Terrace,MOBILE
ABC_999,Jacquetta Perham,19/6/1990,3201 Parkside Junction,MOBILE
ABC_1966,Ollie Haddock,23/6/1990,6100 Cherokee Court,MOBILE
ABC_1418,Nichole Baulch,30/6/1990,0 Bobwhite Trail,MOBILE
VN2020_997,Alverta Kennedy,8/7/1990,8 Dawn Hill,MOBILE
VN2020_706,Lotty Margrett,9/7/1990,7460 Merry Crossing,MOBILE
ABC2020_13,Clevey Mendel,11/7/1990,4 Banding Drive,MOBILE
HUS2020_336,Gasper Garcia,14/7/1990,70915 Hooker Avenue,MOBILE
ABC2020_588,Olly Faircloth,15/7/1990,0204 Dexter Parkway,MOBILE
ABC_919,Phoebe Tuer,9/8/1990,24130 Becker Court,MOBILE
HUS2020_419,Celestina Honatsch,9/8/1990,2 Nancy Pass,MOBILE
ABC_1882,Ilyse Lanston,14/8/1990,8 Forest Run Crossing,MOBILE
VN2020_434,Kandy Birkin,15/8/1990,22333 Lien Parkway,MOBILE
ABC_1954,Willamina Tissiman,23/8/1990,12145 7th Drive,MOBILE
HUS2020_539,Bertina Gravenell,26/8/1990,37535 Merrick Court,MOBILE
ABC_1561,Rees Ingon,27/8/1990,505 Dexter Point,MOBILE
ABC2020_361,Ivan de Broke,11/9/1990,44551 John Wall Parkway,MOBILE
ABC2020_862,Alla Leasor,11/9/1990,20055 Maple Wood Circle,MOBILE
VN2020_190,Wait Congreve,14/9/1990,5714 Sloan Avenue,MOBILE
VN2020_236,Lorrie Rastrick,22/9/1990,6 Arkansas Place,MOBILE
HUS2020_551,Thekla Dunsmore,24/9/1990,782 Twin Pines Alley,MOBILE
ABC2020_284,Edgar Gaitone,27/9/1990,69060 Grim Road,MOBILE
ABC_502,Blondell Tyce,30/9/1990,98246 Buena Vista Crossing,MOBILE
HUS2020_56,Constancy Pellant,10/10/1990,9304 Fieldstone Way,MOBILE
VN2020_890,Marissa Mosson,18/10/1990,379 Granby Lane,MOBILE
ABC2020_957,Grace Edds,22/10/1990,2636 Sachtjen Parkway,MOBILE
ABC2020_334,Merry Rosenqvist,26/10/1990,2 Sutherland Avenue,MOBILE
ABC_632,Nicolai Badger,27/10/1990,73 Merrick Road,MOBILE
ABC_1893,Tommie Bragginton,1/11/1990,208 Cordelia Point,MOBILE
VN2020_566,Brewster Kwietak,5/11/1990,882 Arapahoe Park,MOBILE
VN2020_584,Shaw Klishin,5/11/1990,864 Merchant Drive,MOBILE
ABC_1079,Melicent Wartonby,14/11/1990,50 Magdeline Way,MOBILE
VN2020_260,Gerhardt Galliford,20/11/1990,317 Rieder Point,MOBILE
ABC_1122,Selma Tindle,26/11/1990,4871 Village Green Trail,MOBILE
ABC_920,Erastus Scyone,28/11/1990,7 Alpine Pass,MOBILE
ABC_819,Iosep Rathe,30/11/1990,31420 Cody Alley,MOBILE
HUS2020_782,Klara Surgeoner,1/12/1990,36244 Merchant Crossing,MOBILE
ABC_1035,Syman Trimme,5/12/1990,15351 Vera Road,MOBILE
VN2020_524,Falkner Jagger,9/12/1990,475 Emmet Alley,MOBILE
HUS2020_132,Sissy Climer,11/12/1990,472 Hanson Terrace,MOBILE
ABC_1001,Mick Theurer,19/12/1990,57010 Morrow Alley,MOBILE
HUS2020_291,Johannah Firby,25/12/1990,7 Lotheville Parkway,MOBILE
ABC2020_33,Glynda Steventon,1/1/1991,70 Kedzie Crossing,MOBILE
ABC_946,Pauly Pfaffel,4/1/1991,3988 Truax Junction,MOBILE
HUS2020_490,Gardy De Domenico,5/1/1991,2349 Grim Crossing,MOBILE
HUS2020_227,Karlie Gheerhaert,6/1/1991,8 Warbler Terrace,MOBILE
ABC_385,Marcela Renfrew,9/1/1991,6 Miller Hill,MOBILE
ABC2020_351,Charmion Annear,11/1/1991,875 Huxley Place,MOBILE
VN2020_214,Kirsten Tomsa,13/1/1991,8 Coolidge Point,MOBILE
ABC_1171,Barty Le Pruvost,14/1/1991,005 Dapin Center,MOBILE
ABC_614,Olly Hickisson,20/1/1991,450 Village Parkway,MOBILE
ABC2020_72,Maggy Phizaclea,24/1/1991,2415 Claremont Park,MOBILE
ABC_731,Jefferey Dorow,29/1/1991,3905 Jenifer Alley,MOBILE
VN2020_249,Nani Chastenet,1/2/1991,14343 John Wall Hill,MOBILE
ABC_1701,Legra Celloni,2/2/1991,1 Memorial Plaza,MOBILE
ABC2020_843,Virgil Pagett,4/2/1991,228 Mosinee Street,MOBILE
ABC2020_156,Madelaine Yaus,6/2/1991,20876 Fairview Place,MOBILE
HUS2020_762,Thomasin McClaughlin,21/2/1991,0 Ilene Point,MOBILE
HUS2020_474,Andi de Keyser,24/2/1991,529 Maple Pass,MOBILE
ABC_1111,Norrie Dugdale,2/3/1991,684 Oak Street,MOBILE
HUS2020_878,Ignatius Leyninye,4/3/1991,3721 Atwood Parkway,MOBILE
ABC2020_108,Joella Hutchcraft,5/3/1991,540 Shoshone Trail,MOBILE
ABC_1545,Ruthanne Stive,18/3/1991,71287 Maple Wood Alley,MOBILE
ABC_1446,Floria Kassidy,27/3/1991,20153 Brentwood Court,MOBILE
VN2020_477,Guss Lacotte,29/3/1991,70 Dapin Junction,MOBILE
ABC2020_977,Anthiathia Sandells,30/3/1991,55015 Kingsford Way,MOBILE
ABC2020_210,Creighton O'Griffin,7/4/1991,6 Westerfield Terrace,MOBILE
ABC2020_110,Nan Foulds,11/4/1991,3015 Cherokee Place,MOBILE
ABC_1324,Wini Gonneau,13/4/1991,1 New Castle Park,MOBILE
VN2020_201,Addia Heathfield,15/4/1991,1874 Buell Avenue,MOBILE
HUS2020_128,Kilian Kyd,19/4/1991,0429 Nancy Drive,MOBILE
ABC_703,Aristotle Nabbs,9/5/1991,286 5th Junction,MOBILE
HUS2020_471,Cathie De Brett,14/5/1991,41658 Crest Line Circle,MOBILE
ABC_627,Eben Birkby,26/5/1991,5 Mariners Cove Pass,MOBILE
HUS2020_342,Carissa Fidgeon,27/5/1991,309 Aberg Parkway,MOBILE
ABC_1604,Albert Dady,30/5/1991,2 Lakeland Alley,MOBILE
ABC2020_770,Legra Rediers,7/6/1991,6628 Hanover Center,MOBILE
ABC_276,Tremain Tonna,17/6/1991,9 Meadow Vale Plaza,MOBILE
ABC2020_498,Gillian Peabody,17/6/1991,8535 Warrior Court,MOBILE
ABC_1336,Nadia Jobling,29/6/1991,69 Glacier Hill Street,MOBILE
ABC_1096,Dov Heyfield,30/6/1991,40 Cottonwood Pass,MOBILE
VN2020_788,Hedy Royl,3/7/1991,875 Nobel Park,MOBILE
ABC2020_469,Spencer Measom,4/7/1991,94 Veith Alley,MOBILE
HUS2020_212,Paulita Romayn,15/7/1991,190 Hayes Trail,MOBILE
ABC_1526,Katine Crackett,25/7/1991,2936 Debs Parkway,MOBILE
VN2020_176,Pierce Luscott,26/7/1991,73 Kim Junction,MOBILE
VN2020_122,Tandie Steagall,4/8/1991,8603 Heath Hill,MOBILE
VN2020_35,Garnet Giorgietto,18/8/1991,55640 Menomonie Place,MOBILE
HUS2020_895,Alia Wickerson,19/8/1991,9498 Veith Center,MOBILE
VN2020_911,Natividad Bennit,19/8/1991,80 Bunting Place,MOBILE
ABC2020_569,Betty Marjanovic,26/8/1991,970 Surrey Circle,MOBILE
ABC_360,Inness Comford,28/8/1991,5 Morning Street,MOBILE
ABC_974,Dasya Schoenrock,28/8/1991,536 Nevada Junction,MOBILE
ABC_514,Lewie Millbank,5/9/1991,2034 Florence Road,MOBILE
HUS2020_437,Cherise Comoletti,13/9/1991,18464 Anderson Street,MOBILE
HUS2020_453,Hernando Bartolomucci,20/9/1991,1 Delladonna Street,MOBILE
ABC_817,Gaby Eccles,3/10/1991,80 Mosinee Hill,MOBILE
HUS2020_442,Simeon Chisolm,19/10/1991,76261 Katie Hill,MOBILE
ABC_1623,Dasya Vlasyev,22/10/1991,761 Jana Drive,MOBILE
ABC2020_828,Ty Raulston,27/10/1991,87 Lawn Park,MOBILE
ABC_1314,Ada Slayford,1/11/1991,56774 Fairview Park,MOBILE
VN2020_534,Radcliffe Tissiman,11/11/1991,571 Crownhardt Trail,MOBILE
ABC2020_658,Petra Filipowicz,12/11/1991,16699 Sachtjen Way,MOBILE
ABC_1206,Alvira Franzman,13/11/1991,3 Express Drive,MOBILE
ABC_713,Sarita Neissen,23/11/1991,48 Stuart Avenue,MOBILE
ABC_73,Isadore Stowers,3/12/1991,58 Village Green Point,MOBILE
ABC_92,Madel Summers,9/12/1991,1 Forest Road,MOBILE
HUS2020_348,Ethelind Vennings,9/12/1991,0627 Tennyson Terrace,MOBILE
HUS2020_797,Ilario Pabelik,22/12/1991,1 Moland Center,MOBILE
ABC_1783,Lane Fayne,27/12/1991,0 Dunning Place,MOBILE
ABC2020_563,Bentlee Killingbeck,18/1/1992,3042 Bluestem Avenue,MOBILE
VN2020_857,Caralie Middiff,9/2/1992,161 Elgar Center,MOBILE
HUS2020_779,Fidel Culkin,10/2/1992,44261 Graceland Alley,MOBILE
ABC_387,Paco Crunden,21/2/1992,1 Logan Road,MOBILE
ABC_832,Gannon Sherston,22/2/1992,80064 Scott Avenue,MOBILE
ABC_1910,Darb Brunstan,4/3/1992,6620 Glacier Hill Road,MOBILE
VN2020_376,Ric Elmar,5/3/1992,622 Springview Junction,MOBILE
HUS2020_85,Kalina Burle,13/3/1992,34588 Lerdahl Junction,MOBILE
HUS2020_792,Consalve Lorincz,14/3/1992,72 Transport Junction,MOBILE
VN2020_657,Vidovik Harrowing,15/3/1992,5 Nova Crossing,MOBILE
ABC_806,Maryl Childerley,19/3/1992,84 Russell Alley,MOBILE
ABC2020_650,Jamison Van,20/3/1992,88729 Cardinal Avenue,MOBILE
ABC_1243,Alard McEvay,28/3/1992,957 Towne Crossing,MOBILE
ABC_1991,Rickie Betjeman,6/4/1992,92 Merchant Drive,MOBILE
ABC_1529,Cathrine Eyree,10/4/1992,75 Ryan Alley,MOBILE
VN2020_103,Agatha Strowan,22/4/1992,082 Raven Pass,MOBILE
VN2020_920,Marlene Fleckno,27/4/1992,6059 Dwight Court,MOBILE
ABC2020_233,Merry McQuorkell,2/5/1992,564 Lunder Hill,MOBILE
VN2020_355,Marshal Chafney,4/5/1992,311 Laurel Alley,MOBILE
HUS2020_657,Loreen Spofford,21/5/1992,200 Fuller Circle,MOBILE
HUS2020_711,Deena Colles,21/5/1992,419 Hoffman Way,MOBILE
HUS2020_678,Garrard Phare,2/6/1992,99 Gale Crossing,MOBILE
ABC_189,Hanson Rosier,8/6/1992,452 Myrtle Center,MOBILE
ABC_1772,Jessi Oxtarby,2/7/1992,3782 Oakridge Crossing,MOBILE
ABC2020_796,Danella Pozzo,12/7/1992,26 Pankratz Street,MOBILE
ABC_641,Ricard Mandrake,14/7/1992,60507 Continental Circle,MOBILE
ABC2020_671,Tam Cosgriff,21/7/1992,962 Waywood Drive,MOBILE
HUS2020_345,Myra Bolding,22/7/1992,81350 Moose Trail,MOBILE
ABC_526,Bealle Stait,25/7/1992,7010 Summit Hill,MOBILE
ABC2020_28,Trista Mayne,25/7/1992,6889 Arizona Terrace,MOBILE
ABC_1474,Taylor Benoix,30/7/1992,21509 Pierstorff Terrace,MOBILE
ABC_582,Carney MacMeeking,6/8/1992,39036 Village Way,MOBILE
ABC_31,Gracia Burleigh,11/8/1992,487 Sugar Court,MOBILE
ABC_1629,Hall Lamplugh,11/8/1992,1303 Buhler Terrace,MOBILE
ABC_852,Dominga Martignoni,13/8/1992,8330 3rd Alley,MOBILE
HUS2020_40,Michale Erwin,17/8/1992,66 Grasskamp Way,MOBILE
HUS2020_155,Sutherlan Sancias,17/8/1992,55758 South Court,MOBILE
HUS2020_245,Ralf Doveston,25/8/1992,8167 Arrowood Pass,MOBILE
VN2020_935,Berna Gudd,17/9/1992,06 Northridge Circle,MOBILE
ABC_1453,Chelsy Burless,3/10/1992,4061 Manufacturers Place,MOBILE
VN2020_629,Brittney Dunbabin,3/10/1992,66 Larry Parkway,MOBILE
ABC_267,Ulrike Kupec,22/10/1992,857 Kropf Point,MOBILE
ABC2020_694,Kathleen Stokes,25/10/1992,87 Esch Trail,MOBILE
ABC2020_254,Bryn Steinham,5/11/1992,5819 Sutherland Plaza,MOBILE
ABC_1475,Berke Santo,10/11/1992,49 Birchwood Drive,MOBILE
HUS2020_700,Darci Fausset,4/12/1992,6 Southridge Hill,MOBILE
ABC_1522,Celestina Dunford,10/12/1992,52 Garrison Drive,MOBILE
HUS2020_795,Cosme Prinnett,14/12/1992,23 Ridge Oak Alley,MOBILE
ABC2020_448,Sibeal Bertelmot,15/12/1992,11 Pierstorff Avenue,MOBILE
ABC_37,Davide Clymer,25/12/1992,09620 Bultman Alley,MOBILE
ABC_761,Hobey Heersema,25/12/1992,30987 Eagle Crest Trail,MOBILE
ABC_1710,Valenka Nunn,27/12/1992,9230 Fuller Center,MOBILE
ABC_1962,Obidiah Stanbro,4/1/1993,561 Truax Hill,MOBILE
ABC_1724,Hedvig Raspin,19/1/1993,15 Ryan Court,MOBILE
VN2020_775,Clem Olenichev,27/1/1993,48741 Barnett Hill,MOBILE
ABC_467,Tanney Aldam,31/1/1993,05021 Reindahl Park,MOBILE
ABC_34,Jamal Sabatier,11/3/1993,0353 Crownhardt Hill,MOBILE
ABC_820,Berri Yurov,11/3/1993,83746 Ridgeway Crossing,MOBILE
VN2020_419,Amble Wollaston,20/3/1993,0 Susan Plaza,MOBILE
HUS2020_254,Philis Gomersall,16/4/1993,85650 Elmside Avenue,MOBILE
ABC2020_953,Way Goldhill,18/4/1993,43525 Novick Road,MOBILE
HUS2020_616,Kevina Reah,24/4/1993,5 Mariners Cove Park,MOBILE
HUS2020_360,Jori Champion,25/4/1993,9453 Cherokee Road,MOBILE
HUS2020_412,Valerie Tregoning,29/4/1993,7 7th Park,MOBILE
ABC_535,Thatcher Daunter,23/5/1993,8163 Independence Plaza,MOBILE
ABC_745,Sheree Durno,26/5/1993,9408 Starling Court,MOBILE
ABC_831,Jodi De Castri,4/6/1993,61497 Sunbrook Center,MOBILE
ABC_1392,Urban Leavens,19/6/1993,62 Bunker Hill Place,MOBILE
ABC2020_691,Benn Oaten,20/6/1993,42 Hooker Avenue,MOBILE
HUS2020_465,Rhea Magwood,23/6/1993,3 Fair Oaks Road,MOBILE
VN2020_430,Riane Ashwell,3/7/1993,282 Eliot Terrace,MOBILE
HUS2020_977,Jethro Couvert,22/7/1993,6853 Sommers Lane,MOBILE
HUS2020_885,Taffy Boow,25/7/1993,719 Northfield Plaza,MOBILE
ABC_482,Talbot Lundie,28/7/1993,6710 Amoth Street,MOBILE
ABC2020_61,Judd Tonkinson,5/8/1993,9 Di Loreto Crossing,MOBILE
HUS2020_383,Hakeem Hindrick,10/8/1993,73 Blackbird Parkway,MOBILE
HUS2020_917,Jimmie Deverill,10/8/1993,83525 Dwight Crossing,MOBILE
ABC_1428,Horatius Yakovl,15/8/1993,2 Barnett Street,MOBILE
ABC_787,Nikkie Trimbey,25/8/1993,08 Hayes Terrace,MOBILE
HUS2020_776,Kyla Blunsden,28/8/1993,972 Carberry Trail,MOBILE
ABC2020_238,Merilyn Marien,3/9/1993,2 Lillian Terrace,MOBILE
ABC2020_501,Jeannie Gauntlett,21/9/1993,61724 Longview Plaza,MOBILE
ABC2020_908,Quint Cornew,26/9/1993,0815 Jenifer Pass,MOBILE
VN2020_588,Arlen Jedrzejewski,27/9/1993,2 Arizona Center,MOBILE
HUS2020_530,Moses Rabbitts,3/10/1993,506 Elgar Avenue,MOBILE
ABC_98,Birgit Boni,6/10/1993,879 Packers Hill,MOBILE
ABC_1584,Ernst Mackleden,20/10/1993,9 Northport Road,MOBILE
ABC2020_880,Zorana Weedon,23/10/1993,1 Southridge Circle,MOBILE
ABC_1785,Even Ronnay,28/10/1993,140 Hermina Hill,MOBILE
ABC2020_114,Agatha Gyenes,29/10/1993,4194 Warner Trail,MOBILE
ABC2020_376,Sharla Havenhand,30/10/1993,4 Lighthouse Bay Road,MOBILE
ABC2020_433,Wakefield Van T'Hoog,2/11/1993,68 Anzinger Pass,MOBILE
ABC2020_641,Aaron Crookshanks,21/11/1993,8 Esch Lane,MOBILE
ABC_995,Latisha Zuanelli,23/11/1993,21 Michigan Plaza,MOBILE
ABC_1274,Tirrell Figliovanni,25/11/1993,67 Heath Trail,MOBILE
ABC2020_464,Elsworth Jeroch,29/11/1993,8839 Del Mar Alley,MOBILE
VN2020_225,Phil Rafferty,30/11/1993,882 Burrows Place,MOBILE
ABC2020_877,Thorvald Poynzer,10/12/1993,5 Schiller Street,MOBILE
ABC_1534,Wallis Cellier,11/12/1993,36575 Eliot Road,MOBILE
ABC2020_660,Jane Dymond,14/12/1993,437 Harbort Parkway,MOBILE
ABC2020_36,Emery Canario,21/12/1993,1866 Mayer Court,MOBILE
VN2020_801,Nickie Josefovic,22/12/1993,06191 Claremont Avenue,MOBILE
ABC_1258,Denna Chamberlen,26/12/1993,5 Longview Junction,MOBILE
VN2020_565,Kirbie Lazell,1/1/1994,360 Merry Alley,MOBILE
VN2020_694,Morgan Sunner,2/1/1994,5114 Hazelcrest Crossing,MOBILE
ABC_811,Garek Gallehawk,12/1/1994,3 Corry Pass,MOBILE
ABC_122,Alta Tapp,29/1/1994,2 Judy Drive,MOBILE
ABC_998,Findlay Sprouls,31/1/1994,88 Northwestern Road,MOBILE
HUS2020_482,Marris Proffitt,3/2/1994,2 Darwin Center,MOBILE
VN2020_179,Elston Yurshev,9/2/1994,5836 Forster Way,MOBILE
ABC_450,Cristian MacAlister,15/2/1994,8268 Cordelia Junction,MOBILE
ABC2020_82,Boniface Brownhall,15/2/1994,35252 Hagan Park,MOBILE
ABC2020_413,Gwenore Enrietto,25/2/1994,6138 Parkside Terrace,MOBILE
ABC_711,Trent Minshull,9/3/1994,87 Morning Point,MOBILE
ABC_1431,Bjorn Creffeild,14/3/1994,7 Boyd Parkway,MOBILE
ABC_1362,Melinda Trinbey,16/3/1994,535 Linden Avenue,MOBILE
ABC2020_457,Revkah Killelay,24/3/1994,7 Loftsgordon Way,MOBILE
ABC_134,Maria Frow,12/4/1994,4 Sugar Parkway,MOBILE
HUS2020_552,Ralina Saylor,15/4/1994,639 Dunning Lane,MOBILE
HUS2020_560,Zorana Toynbee,23/4/1994,37 Roxbury Hill,MOBILE
HUS2020_32,Kerk Chiechio,26/4/1994,42686 Hudson Park,MOBILE
ABC_1709,Kelci Westney,1/5/1994,89 Brickson Park Alley,MOBILE
ABC2020_830,Dukie Larive,13/5/1994,19521 Main Hill,MOBILE
VN2020_698,Gisela Titley,27/5/1994,4 Menomonie Hill,MOBILE
ABC_238,Aylmar Ennion,29/5/1994,48375 Village Green Crossing,MOBILE
HUS2020_864,Branden Kenelin,29/5/1994,1 Center Pass,MOBILE
VN2020_711,Perl Tott,2/6/1994,6 Melby Lane,MOBILE
HUS2020_69,Bald Husbands,4/6/1994,53 Forest Crossing,MOBILE
ABC_63,Garret Delgaty,12/6/1994,04646 Helena Place,MOBILE
VN2020_601,Darb Rawood,14/6/1994,7656 Lotheville Crossing,MOBILE
ABC_1087,Rufus Drogan,28/6/1994,1 Kipling Alley,MOBILE
HUS2020_151,Dodie Hemerijk,30/6/1994,73832 Eastlawn Parkway,MOBILE
ABC_1200,Valma Trehearne,2/7/1994,08898 Swallow Crossing,MOBILE
HUS2020_715,Trescha Mityushkin,5/7/1994,6917 Carey Lane,MOBILE
HUS2020_334,Tami Aggas,8/7/1994,7 Kingsford Plaza,MOBILE
ABC_1921,Delly Doorey,12/7/1994,32 Prairieview Circle,MOBILE
VN2020_289,Fernanda Nutt,15/7/1994,862 Oneill Place,MOBILE
ABC_323,Margaux Kilfoyle,19/7/1994,1 Moland Terrace,MOBILE
ABC_1299,Rona Houlston,1/8/1994,57922 Glacier Hill Crossing,MOBILE
VN2020_302,Britni Gully,4/8/1994,91728 Burning Wood Road,MOBILE
VN2020_62,Graehme Pentycross,10/8/1994,3 Prentice Court,MOBILE
VN2020_863,Oriana Habin,24/8/1994,57 Northridge Hill,MOBILE
ABC_1791,Jsandye Dutton,7/9/1994,7 Oneill Place,MOBILE
HUS2020_195,Lettie Rabson,24/9/1994,5 Kennedy Road,MOBILE
ABC_1480,Henrik Saltsberger,19/10/1994,222 Dawn Court,MOBILE
ABC_1596,Agnella Salzberger,22/10/1994,17808 Goodland Circle,MOBILE
VN2020_811,Arabel Kenion,23/10/1994,09 Riverside Way,MOBILE
ABC2020_626,Penny Benton,10/11/1994,19 West Avenue,MOBILE
VN2020_362,Sibilla Larmett,12/11/1994,68 Londonderry Drive,MOBILE
ABC2020_69,Hannie McCoole,28/11/1994,0787 Artisan Trail,MOBILE
ABC_8,Moise Trillow,10/12/1994,79 Everett Circle,MOBILE
VN2020_162,Clayborn Woollacott,12/12/1994,841 Summit Center,MOBILE
HUS2020_74,Angus Ilett,20/12/1994,641 Saint Paul Center,MOBILE
ABC_245,Edita Giorgietto,29/12/1994,24 Pearson Alley,MOBILE
ABC_406,Blancha Eckley,31/12/1994,264 Bobwhite Point,MOBILE
HUS2020_746,Birk Booy,13/1/1995,64 Stoughton Hill,MOBILE
ABC_1794,Engelbert O'Kane,19/1/1995,03395 Burrows Park,MOBILE
VN2020_111,Lenee MacGebenay,24/1/1995,97 Pleasure Trail,MOBILE
ABC2020_386,Clerkclaude Rutley,8/2/1995,979 Mallory Plaza,MOBILE
ABC_1164,Vernon Starbucke,12/2/1995,88 Golf Trail,MOBILE
ABC2020_184,Donnajean Ropcke,17/2/1995,327 Orin Way,MOBILE
HUS2020_53,Prudi Hamon,20/2/1995,621 Golf Place,MOBILE
ABC_352,Carlynne Rivard,25/2/1995,8 Delaware Plaza,MOBILE
HUS2020_143,My Balazot,27/2/1995,03 Mayer Place,MOBILE
ABC2020_252,Andria McCaighey,4/3/1995,2 Mesta Terrace,MOBILE
ABC_1801,Julius Bolino,13/4/1995,7179 Westport Road,MOBILE
HUS2020_357,Kenny Heilds,13/4/1995,5 Tennyson Junction,MOBILE
VN2020_619,Hildegarde Chainey,16/4/1995,66 Sugar Park,MOBILE
VN2020_324,Fraser Carss,18/4/1995,06193 Sunfield Pass,MOBILE
HUS2020_571,Jacklyn Creggan,25/4/1995,494 Mcbride Avenue,MOBILE
ABC2020_682,Winnie Rookledge,26/4/1995,82 Lakewood Gardens Court,MOBILE
ABC_664,Timmie Shotboult,6/5/1995,28183 Barby Plaza,MOBILE
ABC_709,Yves Foxon,23/5/1995,45 Fulton Avenue,MOBILE
ABC_1732,Emory Stelli,24/5/1995,597 Dorton Drive,MOBILE
VN2020_840,Bobbie Gabbett,2/6/1995,464 Lerdahl Point,MOBILE
VN2020_40,Vincents Pietersen,25/6/1995,0 Summerview Pass,MOBILE
ABC2020_87,Dorette Stainfield,11/7/1995,54 7th Alley,MOBILE
ABC_1068,Cori Pitway,14/7/1995,809 Maple Wood Court,MOBILE
ABC_493,Imojean Bisley,22/7/1995,73 Graedel Circle,MOBILE
VN2020_411,Ardeen Cuttelar,23/7/1995,3667 International Court,MOBILE
HUS2020_181,Umberto Gaudon,30/7/1995,4 Bartillon Point,MOBILE
ABC_1942,Caprice Dell Casa,6/8/1995,8 Upham Park,MOBILE
ABC_691,Lucais Campbell-Dunlop,14/8/1995,0957 Welch Junction,MOBILE
ABC2020_762,Gordan Clery,18/8/1995,0630 Pawling Pass,MOBILE
ABC_696,Phip Coronas,20/8/1995,55992 Mcbride Trail,MOBILE
ABC_1589,Myra Zoren,21/8/1995,265 Miller Junction,MOBILE
ABC_1859,Anabal Wong,25/8/1995,97 Portage Parkway,MOBILE
ABC_1689,Abramo Easton,31/8/1995,321 Sloan Lane,MOBILE
ABC_140,Lew Miliffe,3/9/1995,2 Hoffman Crossing,MOBILE
ABC_1385,Jane O'Shavlan,12/9/1995,6861 Hauk Terrace,MOBILE
ABC_818,Calypso Physick,13/9/1995,49242 Anthes Way,MOBILE
ABC_677,Angelico Galiero,20/9/1995,23108 Brown Street,MOBILE
VN2020_709,Jabez Mapis,21/9/1995,1 Eagan Way,MOBILE
ABC_1799,Ursuline Moors,2/10/1995,905 Rowland Alley,MOBILE
HUS2020_193,Sela Donn,8/10/1995,450 Sherman Park,MOBILE
HUS2020_283,Ursuline Keane,8/10/1995,00620 Fairview Alley,MOBILE
ABC2020_491,Jozef Huggett,10/10/1995,8378 Hoepker Plaza,MOBILE
ABC_828,Nikkie McAw,22/10/1995,214 Hooker Pass,MOBILE
ABC2020_353,Andris Tadlow,26/10/1995,850 Meadow Valley Trail,MOBILE
ABC2020_299,Olimpia Gilcrist,3/11/1995,150 Blackbird Center,MOBILE
ABC_1798,Roley Castagna,8/11/1995,22452 Ridgeway Crossing,MOBILE
ABC_1688,Somerset Trunchion,16/11/1995,7494 Dovetail Pass,MOBILE
HUS2020_613,Janeczka Rickards,18/11/1995,6 Hollow Ridge Plaza,MOBILE
ABC_1848,Ansell Prium,10/12/1995,25580 Hauk Trail,MOBILE
ABC_1866,Alonzo Cleife,10/12/1995,67051 Troy Parkway,MOBILE
HUS2020_269,Alison Tatnell,15/12/1995,40 Moose Hill,MOBILE
ABC_1707,Lenard McCullagh,23/12/1995,28307 Jenifer Plaza,MOBILE
ABC_1700,Granger Pirdue,26/12/1995,957 Bartelt Drive,MOBILE
ABC_459,Jennica Gilogly,30/12/1995,6674 Mesta Court,MOBILE
ABC_1618,Lari Bastide,1/1/1996,6 Toban Hill,MOBILE
ABC2020_43,Delora Matityahu,5/1/1996,7205 Sherman Point,MOBILE
ABC2020_823,Bettye Bootland,5/1/1996,899 Forest Run Park,MOBILE
ABC2020_180,Franciska De Laci,11/1/1996,2 Clemons Circle,MOBILE
VN2020_814,Inna Southgate,17/1/1996,451 Milwaukee Terrace,MOBILE
HUS2020_140,Raimund Prendiville,19/1/1996,7296 Schiller Terrace,MOBILE
VN2020_167,Juliet Spearman,13/2/1996,21 Springview Terrace,MOBILE
ABC_9,Perceval Leys,16/2/1996,82046 Rowland Crossing,MOBILE
ABC2020_379,Karil Tuffey,16/2/1996,13 Rowland Trail,MOBILE
ABC2020_369,Leena Sill,18/2/1996,98500 Elgar Center,MOBILE
ABC_1397,Brendis Roake,23/2/1996,712 Cherokee Circle,MOBILE
ABC_1833,Arte Felstead,29/2/1996,27306 Delaware Way,MOBILE
ABC_1875,Kitty Blum,3/3/1996,0764 Sage Parkway,MOBILE
ABC_100,Donaugh Adlem,6/3/1996,42 Marquette Crossing,MOBILE
HUS2020_266,Wyn Hanscom,7/3/1996,37793 Buena Vista Point,MOBILE
ABC_1645,Abelard Ramsdale,22/3/1996,70 Fieldstone Hill,MOBILE
HUS2020_765,Ashlan Egdal,24/3/1996,43171 Lakeland Parkway,MOBILE
ABC_1878,Siana Medina,2/4/1996,088 Laurel Court,MOBILE
ABC_1626,Zsazsa Lavrick,11/4/1996,7591 Packers Park,MOBILE
ABC_898,Glenn Faas,14/4/1996,214 Messerschmidt Street,MOBILE
ABC_953,Janela Symcock,16/4/1996,6671 Mosinee Place,MOBILE
HUS2020_188,Torre Deener,18/4/1996,83 Summit Trail,MOBILE
VN2020_746,Brennan Naul,18/4/1996,19568 Meadow Ridge Way,MOBILE
ABC_1181,Giffer Loachhead,2/5/1996,036 North Court,MOBILE
HUS2020_316,Eulalie Thornham,5/5/1996,303 Dayton Circle,MOBILE
VN2020_781,Rodge Baitson,12/5/1996,83 5th Pass,MOBILE
ABC_1256,Roze Berriball,17/5/1996,9021 Pine View Alley,MOBILE
ABC_511,Arabella Winslade,30/5/1996,4481 Waubesa Drive,MOBILE
HUS2020_242,Devina Kimber,6/6/1996,272 Forest Dale Circle,MOBILE
HUS2020_315,Darlene Gentiry,20/6/1996,312 Weeping Birch Road,MOBILE
ABC2020_209,Mollie Rounce,23/6/1996,93303 Arrowood Parkway,MOBILE
ABC_1489,Jakob Quinney,29/6/1996,2792 Blaine Pass,MOBILE
ABC_1291,Tanner Passmore,2/7/1996,380 David Center,MOBILE
HUS2020_423,Serena Danielsky,7/7/1996,712 4th Circle,MOBILE
VN2020_198,Bing Bauchop,17/7/1996,575 Autumn Leaf Parkway,MOBILE
ABC_280,Camilla O'Dea,18/7/1996,6104 Stang Way,MOBILE
ABC_1373,Wiley Ianelli,20/7/1996,472 Northwestern Park,MOBILE
HUS2020_325,Deloris Librey,2/8/1996,39097 Fieldstone Point,MOBILE
ABC_577,Beckie Shervil,8/8/1996,2 Bay Center,MOBILE
HUS2020_63,Marwin Culkin,23/8/1996,53924 Victoria Road,MOBILE
VN2020_971,Anet Cabral,28/8/1996,27077 Basil Center,MOBILE
ABC_849,Bill Betterton,30/8/1996,0599 Stoughton Road,MOBILE
ABC_465,Federica Duffyn,4/9/1996,25 Laurel Trail,MOBILE
VN2020_727,Nicolais Jeyness,9/9/1996,5836 Vernon Pass,MOBILE
ABC_1755,Clywd Gobbett,14/9/1996,42 Huxley Point,MOBILE
VN2020_606,Ida McGiveen,23/9/1996,54 West Hill,MOBILE
HUS2020_115,Tanney Lynd,24/9/1996,0 Bay Trail,MOBILE
VN2020_715,Savina Ysson,25/9/1996,5 Mandrake Court,MOBILE
HUS2020_258,Lucius Dudeney,5/10/1996,146 Weeping Birch Trail,MOBILE
ABC_1490,Korry Youdell,14/10/1996,481 Lerdahl Center,MOBILE
ABC_1736,Milty Henworth,25/10/1996,84698 Ridgeview Circle,MOBILE
HUS2020_192,Pooh Dawbury,5/11/1996,34372 Glendale Pass,MOBILE
HUS2020_643,Leoine Langrish,16/11/1996,99 South Trail,MOBILE
ABC2020_406,Ricky Spire,17/11/1996,53635 Bobwhite Point,MOBILE
HUS2020_160,Margarete Dixey,1/12/1996,78 Anderson Pass,MOBILE
ABC2020_676,Kyle Wildin,13/12/1996,4 Sachs Court,MOBILE
ABC_516,Normand Squelch,14/12/1996,78 Parkside Parkway,MOBILE
ABC_1827,Blaine Lidgley,15/12/1996,5 Garrison Hill,MOBILE
ABC_937,Felipe Buckle,17/12/1996,7 Killdeer Trail,MOBILE
ABC2020_23,Bryanty Headon,23/12/1996,68108 Eggendart Hill,MOBILE
ABC_1663,Gerrie Woolhouse,10/1/1997,9741 Northridge Plaza,MOBILE
ABC_119,Wadsworth Ceschini,12/1/1997,5 Porter Trail,MOBILE
VN2020_960,Ammamaria Heersma,26/1/1997,2730 Clarendon Center,MOBILE
ABC_1121,Isis Oxborrow,29/1/1997,57 Northwestern Place,MOBILE
ABC_1884,Gwenette Dundon,23/2/1997,6 Raven Way,MOBILE
ABC2020_18,Heidi Blankau,10/3/1997,8 Rowland Junction,MOBILE
ABC_938,Teressa Durgan,12/3/1997,8 Dawn Terrace,MOBILE
ABC2020_775,Kelly Iacovini,22/3/1997,4238 Graedel Road,MOBILE
VN2020_850,Myranda Wellings,1/4/1997,4010 Garrison Lane,MOBILE
HUS2020_301,Aldin Varfolomeev,14/4/1997,638 Onsgard Trail,MOBILE
VN2020_483,Elmira Dubock,5/5/1997,5749 Bluejay Trail,MOBILE
ABC2020_259,Barbette McCloud,7/5/1997,806 Grover Junction,MOBILE
ABC2020_678,Madalyn Cunnington,21/5/1997,2 Toban Center,MOBILE
ABC_1934,Donica Duddin,5/6/1997,213 Corben Alley,MOBILE
VN2020_427,Smith Dunsford,7/6/1997,45 Wayridge Point,MOBILE
ABC_236,Dorotea Milburne,10/6/1997,8792 Calypso Court,MOBILE
VN2020_718,Eric Kleeborn,23/6/1997,31555 Fremont Crossing,MOBILE
ABC_1434,Krissy Osselton,28/6/1997,2 Basil Way,MOBILE
VN2020_398,Nye Frosch,30/6/1997,062 Emmet Parkway,MOBILE
VN2020_180,Nelson McRinn,11/7/1997,7821 Montana Pass,MOBILE
HUS2020_200,Katti Hoyland,18/7/1997,00 Corry Place,MOBILE
HUS2020_923,Gale Ogers,19/7/1997,684 Corscot Avenue,MOBILE
ABC_564,Eachelle Ghioni,24/7/1997,7 Reindahl Junction,MOBILE
VN2020_807,Pattie McPhee,1/8/1997,01 Stone Corner Street,MOBILE
VN2020_354,Yelena Galley,5/8/1997,16943 Bay Hill,MOBILE
ABC_254,Aurie Mazin,18/8/1997,3143 Forest Dale Pass,MOBILE
ABC_108,Rubina Heinschke,22/8/1997,41521 American Terrace,MOBILE
ABC2020_128,Loralie Shall,28/8/1997,09789 Sloan Drive,MOBILE
ABC_1117,Judd Kollach,4/9/1997,83 Kropf Hill,MOBILE
ABC_255,Ingar Cooch,8/9/1997,738 Hudson Street,MOBILE
ABC_721,Jeth Winson,6/10/1997,4 Truax Terrace,MOBILE
ABC2020_77,Yule Eldritt,11/10/1997,432 Michigan Road,MOBILE
HUS2020_636,Hinda Maraga,15/10/1997,1173 Sheridan Drive,MOBILE
ABC_1527,Adrian Buddock,31/10/1997,936 Anhalt Pass,MOBILE
HUS2020_653,Kit Halley,2/11/1997,8 Lake View Place,MOBILE
ABC2020_234,Daveen Izzett,4/11/1997,7 Myrtle Hill,MOBILE
VN2020_898,Griff Fozzard,5/11/1997,470 Anhalt Plaza,MOBILE
VN2020_876,Wit McFaul,11/11/1997,3597 Caliangt Place,MOBILE
ABC2020_278,Esdras O'Heffernan,24/11/1997,501 Scofield Terrace,MOBILE
ABC2020_648,Jamie Pauley,25/11/1997,7 Lakeland Alley,MOBILE
ABC_1967,Adelina Dayer,29/11/1997,6 Browning Parkway,MOBILE
ABC2020_272,Rodger Gaspero,3/12/1997,80 Park Meadow Court,MOBILE
ABC_1713,Rollins Pyser,4/12/1997,025 Shasta Crossing,MOBILE
VN2020_870,Jenny Jurzyk,13/12/1997,178 Anthes Center,MOBILE
ABC2020_666,Catriona Frohock,16/12/1997,9876 Bartelt Lane,MOBILE
VN2020_883,Fleming Copeman,17/12/1997,4 Erie Terrace,MOBILE
ABC_206,Orbadiah Garlette,18/12/1997,10397 Elka Circle,MOBILE
VN2020_266,Darrin Antoni,19/12/1997,7582 Delaware Center,MOBILE
VN2020_25,Simone Hoovart,6/1/1998,40 Warbler Park,MOBILE
ABC_1165,Hendrik Mariet,8/1/1998,16 Banding Parkway,MOBILE
ABC_1363,Lucas Thebe,16/1/1998,22 Muir Junction,MOBILE
VN2020_380,Hillier Melding,24/1/1998,8940 Dapin Parkway,MOBILE
HUS2020_881,Ginger Currey,4/2/1998,501 Emmet Terrace,MOBILE
VN2020_166,Mada Flack,23/2/1998,89 Springview Parkway,MOBILE
ABC_1353,Eryn McQuarter,6/3/1998,59 Comanche Street,MOBILE
ABC_291,Jackqueline Helmke,11/3/1998,6754 Lien Road,MOBILE
ABC_1250,Allyn Glaisner,24/3/1998,53786 Golf Avenue,MOBILE
ABC2020_690,Merwin Draisey,27/3/1998,0538 Mallory Center,MOBILE
VN2020_989,Eachelle Dominey,3/4/1998,93390 Moulton Way,MOBILE
ABC_543,Tiebold Benitti,5/4/1998,4876 Autumn Leaf Park,MOBILE
HUS2020_391,Gisela Roxburgh,23/4/1998,332 Burrows Lane,MOBILE
ABC_991,Si Huleatt,26/4/1998,71 Bellgrove Court,MOBILE
ABC_1412,Ozzy Paffitt,28/4/1998,08 Doe Crossing Avenue,MOBILE
ABC_1261,Bank Giorgeschi,11/5/1998,41 Cascade Avenue,MOBILE
ABC_1091,Darya Brunicke,19/5/1998,7 Hoepker Crossing,MOBILE
VN2020_923,Herschel Karlowicz,22/5/1998,905 Warrior Place,MOBILE
ABC_1986,Toiboid Barby,26/5/1998,5236 Porter Court,MOBILE
ABC_1236,Bari Iddons,4/6/1998,35 Coleman Avenue,MOBILE
VN2020_54,Mohandas Kingerby,13/6/1998,78234 Melvin Court,MOBILE
VN2020_288,Nanci Cruttenden,14/6/1998,26 Quincy Alley,MOBILE
ABC_197,Vinnie Richardson,15/6/1998,8260 Summer Ridge Road,MOBILE
ABC2020_421,Devondra Clapp,24/6/1998,715 Springs Street,MOBILE
VN2020_228,Sib Cloute,26/6/1998,35831 Dottie Trail,MOBILE
ABC_1734,Harli Quest,18/7/1998,4631 Doe Crossing Avenue,MOBILE
ABC2020_292,Gerianna Chanter,21/7/1998,9317 Farmco Point,MOBILE
ABC2020_776,Kerwin Baume,31/7/1998,6582 Delaware Way,MOBILE
ABC2020_160,Orelee Caesman,2/8/1998,99360 Manufacturers Circle,MOBILE
VN2020_364,Patrizio Downage,2/8/1998,50 Comanche Parkway,MOBILE
ABC_354,Maxim Clow,8/8/1998,1314 Mcbride Terrace,MOBILE
ABC_600,Jamill Prosser,29/8/1998,10510 Ruskin Trail,MOBILE
ABC_996,Rorke Stelfax,6/9/1998,8 Sachtjen Terrace,MOBILE
ABC_230,Desiri Jobern,10/9/1998,335 Sommers Court,MOBILE
ABC2020_542,Arri Swindley,10/9/1998,010 Eastwood Point,MOBILE
ABC_141,Becca Labarre,24/9/1998,37 Sunnyside Alley,MOBILE
VN2020_517,Clayborne Apfler,27/9/1998,23650 Nancy Street,MOBILE
HUS2020_309,Bord Ritmeyer,1/10/1998,2740 Redwing Street,MOBILE
HUS2020_736,Cullin Iacobetto,5/10/1998,006 Grim Plaza,MOBILE
HUS2020_983,Fabian McDunlevy,8/10/1998,9652 Butterfield Road,MOBILE
HUS2020_580,Waldo Aggett,10/10/1998,0170 Texas Center,MOBILE
HUS2020_161,Missy Mion,12/10/1998,79920 Bobwhite Terrace,MOBILE
ABC_1742,Lorelle Yakubovics,15/10/1998,70 Continental Alley,MOBILE
ABC_1525,Dania Pirrone,19/10/1998,2506 Pawling Circle,MOBILE
ABC_1313,Trude Beckenham,7/11/1998,3393 Mosinee Street,MOBILE
ABC_1632,Dniren Exell,14/11/1998,372 Mosinee Avenue,MOBILE
ABC_672,Theresita Mico,17/11/1998,09 Glendale Parkway,MOBILE
VN2020_377,Gavrielle Ellis,29/11/1998,8 Linden Park,MOBILE
ABC_989,Cherey Tripony,15/12/1998,11574 Dwight Alley,MOBILE
ABC_1028,Jackie Standidge,27/12/1998,8 Butternut Drive,MOBILE
VN2020_841,Elwira Fendley,1/1/1999,79 Superior Point,MOBILE
HUS2020_224,Lewie Heppenspall,6/1/1999,14163 Dunning Center,MOBILE
ABC_1038,Edythe Krzyzanowski,9/1/1999,28673 Gale Junction,MOBILE
ABC2020_829,Marissa Binham,11/1/1999,7040 Pierstorff Park,MOBILE
ABC_4,Noemi Silwood,9/2/1999,92736 Orin Plaza,MOBILE
ABC_1323,Dulcine Harrill,25/2/1999,2994 Towne Terrace,MOBILE
HUS2020_729,Ari Masurel,25/2/1999,6600 Moulton Drive,MOBILE
ABC_779,Ricard Witherspoon,8/3/1999,23475 Sunnyside Crossing,MOBILE
HUS2020_600,Marlowe Chantree,19/3/1999,35336 Kim Alley,MOBILE
VN2020_281,Rora Yanuk,23/3/1999,7219 Merrick Trail,MOBILE
ABC_44,Marlon Gladstone,25/3/1999,39314 Shopko Terrace,MOBILE
ABC_1648,Giovanni Houltham,1/4/1999,4479 Di Loreto Center,MOBILE
ABC2020_26,Zorah Laimable,2/4/1999,20987 New Castle Pass,MOBILE
VN2020_140,Andie Syphus,8/4/1999,23 Heath Court,MOBILE
ABC_212,Waite Swann,14/4/1999,95747 Alpine Junction,MOBILE
ABC_1408,Shelby Blackborne,14/4/1999,89167 Forest Run Hill,MOBILE
VN2020_23,Alex Sinclair,20/4/1999,49543 Oneill Junction,MOBILE
ABC2020_564,Galven Cote,22/4/1999,918 Cascade Place,MOBILE
ABC_1107,Leroi Rugg,23/4/1999,4 Hoard Parkway,MOBILE
ABC_244,Max Limerick,6/5/1999,833 Aberg Lane,MOBILE
ABC_637,Humbert Heyns,15/5/1999,5 Ryan Alley,MOBILE
VN2020_73,Lacie Cescotti,20/5/1999,7772 Monica Lane,MOBILE
VN2020_133,Kiersten Rowbottom,26/5/1999,7 Rowland Park,MOBILE
VN2020_856,Melisande Tomovic,30/5/1999,1393 Hauk Avenue,MOBILE
HUS2020_29,Lira Byatt,2/6/1999,658 Rowland Way,MOBILE
ABC_1802,Rudie Mounfield,5/6/1999,0 Delladonna Trail,MOBILE
HUS2020_163,Lacie Dibbert,19/6/1999,3 Melrose Parkway,MOBILE
ABC_1517,Arda Risbridger,27/6/1999,0 Fair Oaks Plaza,MOBILE
ABC_1442,Mendy Doyley,28/6/1999,2 Basil Hill,MOBILE
ABC_1770,Bernette Merredy,8/7/1999,341 Luster Street,MOBILE
ABC_834,Ciro Blumfield,16/7/1999,91134 Dwight Point,MOBILE
ABC_1195,Tate Quelch,18/7/1999,0763 Onsgard Street,MOBILE
ABC_1333,Layla Kyne,18/7/1999,1 Nevada Hill,MOBILE
ABC_769,Ali Hulmes,22/7/1999,79888 Stone Corner Circle,MOBILE
ABC_252,Clim Rashleigh,27/7/1999,68 Farwell Way,MOBILE
VN2020_776,Gibby O'Lyhane,29/7/1999,374 Mallory Place,MOBILE
HUS2020_656,Miguela Labbet,30/7/1999,75 Stuart Plaza,MOBILE
VN2020_958,Regan Bourgour,3/8/1999,476 Sherman Court,MOBILE
HUS2020_934,Eleen Bristowe,8/8/1999,1 Scofield Court,MOBILE
ABC_1188,Tod Lehr,22/8/1999,81 Brown Circle,MOBILE
ABC2020_557,Niccolo McLanaghan,23/8/1999,19916 Sundown Center,MOBILE
ABC2020_270,Vic Klarzynski,28/8/1999,4 Meadow Vale Point,MOBILE
ABC_961,Larry Maund,31/8/1999,5863 Vera Place,MOBILE
ABC_405,Nial Bjerkan,1/9/1999,3 Chive Center,MOBILE
VN2020_835,Dorian Joel,2/9/1999,5 Cardinal Center,MOBILE
ABC2020_528,Cecelia Vickery,10/9/1999,4113 Novick Plaza,MOBILE
ABC_186,Billye Gullivan,29/9/1999,969 Truax Lane,MOBILE
VN2020_607,Zara Magenny,2/10/1999,7720 Crownhardt Alley,MOBILE
HUS2020_461,Estele Dabels,19/10/1999,43 Golf Court,MOBILE
ABC2020_825,Horton Gallety,24/10/1999,3141 Green Park,MOBILE
ABC_1978,Dennison Strickler,26/10/1999,9112 Lyons Drive,MOBILE
HUS2020_51,Veronika Jermy,2/11/1999,7546 Cody Circle,MOBILE
ABC2020_948,Hulda Habens,5/11/1999,39 Menomonie Alley,MOBILE
VN2020_163,Wendie Hallam,14/11/1999,5026 Nelson Court,MOBILE
VN2020_448,Allissa Lozano,16/11/1999,1 Emmet Trail,MOBILE
ABC2020_922,Brandise Cullum,21/11/1999,50767 Northfield Alley,MOBILE
ABC2020_231,Zorana Willeson,6/12/1999,58 Grasskamp Way,MOBILE
ABC2020_16,Clemmy Cauldwell,20/12/1999,9 Mallory Avenue,MOBILE
VN2020_650,Kerr Bannester,24/12/1999,47 Helena Point,MOBILE
VN2020_809,Rey Bareford,26/12/1999,82 Garrison Circle,MOBILE
